,searchVolume,countDaumADs,tistoryRank,provider,depth
노션 빨간줄 없애기 앱,1500,0,1,googleOpenKeywords,0
노션 맞춤법 검사 끄기 mac,2330,0,1,googleOpenKeywords,1
노션 앱 빨간줄 없애기 윈도우,1190,0,3,googleOpenKeywords,0
노션 어플 빨간줄,8640,0,2,googleSuggestKeywords,1
notion 빨간줄 없애기 mac,456,0,1,googleOpenKeywords,1
윈도우 로그인 없애기,444000,1,8,daumOpenKeywords,1
윈도우 로그인 암호 없애기,124000,0,11,daumOpenKeywords,1
윈도우10 로그인 암호 없애기,73400,0,not Defined,daumOpenKeywords,1
윈도우11 로그인 암호 없애기,123000,0,2,daumOpenKeywords,1
노션 빨간줄 없애기 윈도우 11,1100,0,3,googleOpenKeywords,1
노션 빨간줄 없애기 맥,1010,0,1,googleOpenKeywords,0
노션 빨간줄 없애기 엣지,658,0,2,googleOpenKeywords,1
노션 어플 맞춤법 검사 끄기,4410,0,2,googleOpenKeywords,0
노션앱 빨간줄 없애기,301,0,3,googleSuggestKeywords,1
맥 노션 빨간줄,10200,0,1,googleOpenKeywords,1
